program,source,optimizer,requires_m,mutation,detected,status,rtl_status,rtl_retires,rtl_m_instructions,spike_retires,matched_retires,matched_register_writes,matched_memory_accesses,rtl_suffix_retires,terminal_relation,first_mismatch
operand_corner_matrix_O0,operand_corner_matrix,-O0,0,nominal,0,PASS,PASS,240,0,237,237,158,78,3,spike_mailbox_fault_rtl_mailbox_accept,
operand_corner_matrix_O1,operand_corner_matrix,-O1,0,nominal,0,PASS,PASS,155,0,152,152,95,34,3,spike_mailbox_fault_rtl_mailbox_accept,
operand_corner_matrix_O2,operand_corner_matrix,-O2,0,nominal,0,PASS,PASS,157,0,154,154,97,34,3,spike_mailbox_fault_rtl_mailbox_accept,
operand_corner_matrix_Os,operand_corner_matrix,-Os,0,nominal,0,PASS,PASS,156,0,153,153,96,34,3,spike_mailbox_fault_rtl_mailbox_accept,
c_abi_stack_call_matrix_O0,c_abi_stack_call_matrix,-O0,0,nominal,0,PASS,PASS,670,0,667,667,455,283,3,spike_mailbox_fault_rtl_mailbox_accept,
c_abi_stack_call_matrix_O1,c_abi_stack_call_matrix,-O1,0,nominal,0,PASS,PASS,340,0,337,337,229,67,3,spike_mailbox_fault_rtl_mailbox_accept,
c_abi_stack_call_matrix_O2,c_abi_stack_call_matrix,-O2,0,nominal,0,PASS,PASS,338,0,335,335,230,63,3,spike_mailbox_fault_rtl_mailbox_accept,
c_abi_stack_call_matrix_Os,c_abi_stack_call_matrix,-Os,0,nominal,0,PASS,PASS,340,0,337,337,227,63,3,spike_mailbox_fault_rtl_mailbox_accept,
csr_state_matrix_Os,csr_state_matrix,-Os,0,nominal,0,PASS,PASS,151,0,148,148,88,25,3,spike_mailbox_fault_rtl_mailbox_accept,
spike_memory_width_matrix_O2,spike_memory_width_matrix,-O2,0,nominal,0,PASS,PASS,160,0,157,157,103,34,3,spike_mailbox_fault_rtl_mailbox_accept,
spike_control_flow_matrix_O2,spike_control_flow_matrix,-O2,0,nominal,0,PASS,PASS,232,0,229,229,145,32,3,spike_mailbox_fault_rtl_mailbox_accept,
spike_dependency_matrix_O2,spike_dependency_matrix,-O2,0,nominal,0,PASS,PASS,302,0,299,299,224,70,3,spike_mailbox_fault_rtl_mailbox_accept,
rv32m_kernel_0_O2,rv32m_compiler_kernel,-O2,1,nominal,0,PASS,PASS,185,4,182,182,117,50,3,spike_mailbox_fault_rtl_mailbox_accept,
rv32m_kernel_1_O2,rv32m_compiler_kernel,-O2,1,nominal,0,PASS,PASS,182,8,179,179,116,62,3,spike_mailbox_fault_rtl_mailbox_accept,
rv32m_kernel_2_O2,rv32m_compiler_kernel,-O2,1,nominal,0,PASS,PASS,198,5,195,195,127,56,3,spike_mailbox_fault_rtl_mailbox_accept,
rv32m_kernel_3_O2,rv32m_compiler_kernel,-O2,1,nominal,0,PASS,PASS,146,2,143,143,86,32,3,spike_mailbox_fault_rtl_mailbox_accept,
rv32m_kernel_4_O2,rv32m_compiler_kernel,-O2,1,nominal,0,PASS,PASS,143,2,140,140,83,32,3,spike_mailbox_fault_rtl_mailbox_accept,
rv32m_kernel_5_O2,rv32m_compiler_kernel,-O2,1,nominal,0,PASS,PASS,145,3,142,142,86,33,3,spike_mailbox_fault_rtl_mailbox_accept,
rv32m_external_opcode_matrix_O2,rv32m_external_opcode_matrix,-O2,1,nominal,0,PASS,PASS,230,12,227,227,137,81,3,spike_mailbox_fault_rtl_mailbox_accept,
